Run,ReleaseDate,LoadDate,spots,bases,spots_with_mates,avgLength,size_MB,AssemblyName,download_path,Experiment,LibraryName,LibraryStrategy,LibrarySelection,LibrarySource,LibraryLayout,InsertSize,InsertDev,Platform,Model,SRAStudy,BioProject,Study_Pubmed_id,ProjectID,Sample,BioSample,SampleType,TaxID,ScientificName,SampleName,g1k_pop_code,source,g1k_analysis_group,Subject_ID,Sex,Disease,Tumor,Affection_Status,Analyte_Type,Histological_Type,Body_Site,CenterName,Submission,dbgap_study_accession,Consent,RunHash,ReadHash
SRR5783125,30/06/2017 16:55,30/06/2017 16:47,26997584,5399516800,26997584,200,3200,,https://sra-downloadb.be-md.ncbi.nlm.nih.gov/sos5/sra-pub-zq-14/SRR005/783/SRR5783125.sralite.1,SRX2971719,8B,RNA-Seq,cDNA,TRANSCRIPTOMIC,PAIRED,0,0,ILLUMINA,Illumina HiSeq 2000,SRP110767,PRJNA389920,,389920,SRS2327072,SAMN07211759,simple,161590,Syngnathus scovelli,pipefish eight,,,,,female,,no,,,,,TEXAS CHRISTIAN UNIVERSITY,SRA582537,,public,2C9C9BE391C7A0779031E0F79E7006FE,72B0921A1FB37B0EE88446E51A192BFB
SRR5783124,30/06/2017 16:52,30/06/2017 16:45,21720826,4344165200,21720826,200,2572,,https://sra-downloadb.be-md.ncbi.nlm.nih.gov/sos5/sra-pub-zq-14/SRR005/783/SRR5783124.sralite.1,SRX2971720,5B,RNA-Seq,cDNA,TRANSCRIPTOMIC,PAIRED,0,0,ILLUMINA,Illumina HiSeq 2000,SRP110767,PRJNA389920,,389920,SRS2327073,SAMN07211757,simple,161590,Syngnathus scovelli,pipefish five,,,,,male,,no,,,,,TEXAS CHRISTIAN UNIVERSITY,SRA582537,,public,E151D97C700AEBB255D98BBA843EA5FC,46D9A7CB6BDADF7CF0D457EAA7492ACA
SRR5783123,30/06/2017 16:48,30/06/2017 16:43,20675807,4135161400,20675807,200,2467,,https://sra-downloadb.be-md.ncbi.nlm.nih.gov/sos5/sra-pub-zq-14/SRR005/783/SRR5783123.sralite.1,SRX2971721,6B,RNA-Seq,cDNA,TRANSCRIPTOMIC,PAIRED,0,0,ILLUMINA,Illumina HiSeq 2000,SRP110767,PRJNA389920,,389920,SRS2327074,SAMN07211758,simple,161590,Syngnathus scovelli,pipefish 6,,,,,male,,no,,,,,TEXAS CHRISTIAN UNIVERSITY,SRA582537,,public,8CBE6DEFCCF8F25F59F3571B61BF978D,8181F3B75F77BAF756DC75F7FEBBED94
SRR5783122,30/06/2017 16:45,30/06/2017 16:40,20939856,4187971200,20939856,200,2478,,https://sra-downloadb.be-md.ncbi.nlm.nih.gov/sos5/sra-pub-zq-14/SRR005/783/SRR5783122.sralite.1,SRX2971722,3B,RNA-Seq,cDNA,TRANSCRIPTOMIC,PAIRED,0,0,ILLUMINA,Illumina HiSeq 2000,SRP110767,PRJNA389920,,389920,SRS2327075,SAMN07211056,simple,161590,Syngnathus scovelli,pipefish three,,,,,female,,no,,,,,TEXAS CHRISTIAN UNIVERSITY,SRA582537,,public,ABB853016A68543F052F3B78E4506740,31BC57EDBC4CFA4D546A8E71C0344853
SRR5783121,30/06/2017 16:46,30/06/2017 16:39,27690177,5538035400,27690177,200,3274,,https://sra-downloadb.be-md.ncbi.nlm.nih.gov/sos5/sra-pub-zq-14/SRR005/783/SRR5783121.sralite.1,SRX2971723,4B,RNA-Seq,cDNA,TRANSCRIPTOMIC,PAIRED,0,0,ILLUMINA,Illumina HiSeq 2000,SRP110767,PRJNA389920,,389920,SRS2327076,SAMN07211756,simple,161590,Syngnathus scovelli,pipefish four,,,,,female,,no,,,,,TEXAS CHRISTIAN UNIVERSITY,SRA582537,,public,818BAF6DBF1CE9A9433188656CF53553,615D505C55A4F64F9D93D010A9C67A5C
SRR5783120,30/06/2017 16:45,30/06/2017 16:37,21782575,4356515000,21782575,200,2574,,https://sra-downloadb.be-md.ncbi.nlm.nih.gov/sos5/sra-pub-zq-14/SRR005/783/SRR5783120.sralite.1,SRX2971724,1B,RNA-Seq,cDNA,TRANSCRIPTOMIC,PAIRED,0,0,ILLUMINA,Illumina HiSeq 2000,SRP110767,PRJNA389920,,389920,SRS2327077,SAMN07211858,simple,161590,Syngnathus scovelli,1B,,,,,male,,no,,,,,TEXAS CHRISTIAN UNIVERSITY,SRA582537,,public,582FD29387852B924964A2C15BA5E5B3,9EC58189086F1E78A7D769795D5C781D
SRR5783119,30/06/2017 16:45,30/06/2017 16:38,20703070,4140614000,20703070,200,2468,,https://sra-downloadb.be-md.ncbi.nlm.nih.gov/sos5/sra-pub-zq-14/SRR005/783/SRR5783119.sralite.1,SRX2971725,2B,RNA-Seq,cDNA,TRANSCRIPTOMIC,PAIRED,0,0,ILLUMINA,Illumina HiSeq 2000,SRP110767,PRJNA389920,,389920,SRS2327078,SAMN07210995,simple,161590,Syngnathus scovelli,pipefish two,,,,,male,,no,,,,,TEXAS CHRISTIAN UNIVERSITY,SRA582537,,public,1876F63F93323280B8B281B00980B626,FEC6288711FA43E7D6B5C04D3F054A1B
SRR10158938,21/09/2019 17:23,21/09/2019 17:18,44733206,13419961800,44733206,300,5602,,https://sra-downloadb.be-md.ncbi.nlm.nih.gov/sos5/sra-pub-zq-16/SRR010/158/SRR10158938.sralite.1,SRX6884315,CF1,RNA-Seq,RANDOM,TRANSCRIPTOMIC,PAIRED,0,0,ILLUMINA,Illumina HiSeq 2500,SRP222874,PRJNA573466,,573466,SRS5417815,SAMN12811168,simple,161590,Syngnathus scovelli,ControlFemale_1,,,,,female,,no,,,,,REED COLLEGE,SRA966117,,public,278C2A8DDF1029B4C01145A26F4571D5,C7CCFF1E79B2EE450D94D550B3019809
SRR10158937,21/09/2019 17:19,21/09/2019 17:15,37660939,11298281700,37660939,300,4746,,https://sra-downloadb.be-md.ncbi.nlm.nih.gov/sos5/sra-pub-zq-16/SRR010/158/SRR10158937.sralite.1,SRX6884316,CF2,RNA-Seq,RANDOM,TRANSCRIPTOMIC,PAIRED,0,0,ILLUMINA,Illumina HiSeq 2500,SRP222874,PRJNA573466,,573466,SRS5417816,SAMN12811169,simple,161590,Syngnathus scovelli,ControlFemale_2,,,,,female,,no,,,,,REED COLLEGE,SRA966117,,public,90BE9E753D287B64831A8D0C6A9B9B28,164D6EA2A55C403CA75771B7247D8CBB
SRR10158936,21/09/2019 17:11,21/09/2019 17:05,29216567,7304141750,29216567,250,3435,,https://sra-downloadb.be-md.ncbi.nlm.nih.gov/sos5/sra-pub-zq-14/SRR010/158/SRR10158936.sralite.1,SRX6884317,CM1,RNA-Seq,RANDOM,TRANSCRIPTOMIC,PAIRED,0,0,ILLUMINA,Illumina HiSeq 2500,SRP222874,PRJNA573466,,573466,SRS5417817,SAMN12811178,simple,161590,Syngnathus scovelli,ControlMale_1,,,,,male,,no,,,,,REED COLLEGE,SRA966117,,public,3796E018583AE6C75397553BE496250C,996EF164A757FC3C2D110E7D570B75BD
SRR10158935,21/09/2019 17:10,21/09/2019 17:02,28233208,7058302000,28233208,250,3257,,https://sra-downloadb.be-md.ncbi.nlm.nih.gov/sos5/sra-pub-zq-14/SRR010/158/SRR10158935.sralite.1,SRX6884318,CM2,RNA-Seq,RANDOM,TRANSCRIPTOMIC,PAIRED,0,0,ILLUMINA,Illumina HiSeq 2500,SRP222874,PRJNA573466,,573466,SRS5417818,SAMN12811179,simple,161590,Syngnathus scovelli,ControlMale_2,,,,,male,,no,,,,,REED COLLEGE,SRA966117,,public,F77DDFF975EA9F1A33AB333BD29FE111,D5220AD660C27C9C662390E2F49C36E8
SRR10158934,21/09/2019 17:11,21/09/2019 17:03,25442473,6360618250,25442473,250,2965,,https://sra-downloadb.be-md.ncbi.nlm.nih.gov/sos5/sra-pub-zq-14/SRR010/158/SRR10158934.sralite.1,SRX6884319,CM3,RNA-Seq,RANDOM,TRANSCRIPTOMIC,PAIRED,0,0,ILLUMINA,Illumina HiSeq 2500,SRP222874,PRJNA573466,,573466,SRS5417819,SAMN12811180,simple,161590,Syngnathus scovelli,ControlMale_3,,,,,male,,no,,,,,REED COLLEGE,SRA966117,,public,92F7E59955F2D1E5E19CD218E3355A96,7994C2180004C607FFE07CD8F72C52B5
SRR10158933,21/09/2019 17:03,21/09/2019 17:00,21345420,5336355000,21345420,250,2486,,https://sra-downloadb.be-md.ncbi.nlm.nih.gov/sos5/sra-pub-zq-16/SRR010/158/SRR10158933.sralite.1,SRX6884320,CM5,RNA-Seq,RANDOM,TRANSCRIPTOMIC,PAIRED,0,0,ILLUMINA,Illumina HiSeq 2500,SRP222874,PRJNA573466,,573466,SRS5417820,SAMN12811181,simple,161590,Syngnathus scovelli,ControlMale_5,,,,,male,,no,,,,,REED COLLEGE,SRA966117,,public,7ADC51A907FD6C942BE58C1055AB8713,0C0E259E92AB8EFC9DD34B2306B35017
SRR10158932,21/09/2019 17:11,21/09/2019 17:05,27239694,6809923500,27239694,250,3139,,https://sra-downloadb.be-md.ncbi.nlm.nih.gov/sos5/sra-pub-zq-14/SRR010/158/SRR10158932.sralite.1,SRX6884321,CM6,RNA-Seq,RANDOM,TRANSCRIPTOMIC,PAIRED,0,0,ILLUMINA,Illumina HiSeq 2500,SRP222874,PRJNA573466,,573466,SRS5417821,SAMN12811182,simple,161590,Syngnathus scovelli,ControlMale_6,,,,,male,,no,,,,,REED COLLEGE,SRA966117,,public,CC9FACCBC97B786457EAFCC862C0AF0A,367480EB6EC441C14A1914D305AEA4E6
SRR10158926,21/09/2019 17:16,21/09/2019 17:12,32680704,9804211200,32680704,300,4116,,https://sra-downloadb.be-md.ncbi.nlm.nih.gov/sos5/sra-pub-zq-14/SRR010/158/SRR10158926.sralite.1,SRX6884327,CF3,RNA-Seq,RANDOM,TRANSCRIPTOMIC,PAIRED,0,0,ILLUMINA,Illumina HiSeq 2500,SRP222874,PRJNA573466,,573466,SRS5417827,SAMN12811170,simple,161590,Syngnathus scovelli,ControlFemale_3,,,,,female,,no,,,,,REED COLLEGE,SRA966117,,public,B331BD704C5F67DD5BD4B706F3F1CCE2,47CA0035F230123222EBF37DDA4411F1
SRR10158925,21/09/2019 17:19,21/09/2019 17:16,39824201,11947260300,39824201,300,5050,,https://sra-downloadb.be-md.ncbi.nlm.nih.gov/sos5/sra-pub-zq-16/SRR010/158/SRR10158925.sralite.1,SRX6884328,CF4,RNA-Seq,RANDOM,TRANSCRIPTOMIC,PAIRED,0,0,ILLUMINA,Illumina HiSeq 2500,SRP222874,PRJNA573466,,573466,SRS5417828,SAMN12811171,simple,161590,Syngnathus scovelli,ControlFemale_4,,,,,female,,no,,,,,REED COLLEGE,SRA966117,,public,7AEAA497780893A2F0CDDADD2341A6B5,4F3C77FBE0AA7BD2F551382E96F1DBCB
SRR10158924,21/09/2019 17:19,21/09/2019 17:16,36785891,11035767300,36785891,300,4606,,https://sra-downloadb.be-md.ncbi.nlm.nih.gov/sos3/sra-pub-zq-22/SRR010/158/SRR10158924.sralite.1,SRX6884329,CF5,RNA-Seq,RANDOM,TRANSCRIPTOMIC,PAIRED,0,0,ILLUMINA,Illumina HiSeq 2500,SRP222874,PRJNA573466,,573466,SRS5417829,SAMN12811172,simple,161590,Syngnathus scovelli,ControlFemale_5,,,,,female,,no,,,,,REED COLLEGE,SRA966117,,public,4AEBAEB0965035E65C22024EB1B15BB1,86774E8941BEB9169D8C70D28340790B
SRR19736877,17/06/2022 15:34,17/06/2022 15:05,23822642,7146792600,23822642,300,4335,,https://sra-downloadb.be-md.ncbi.nlm.nih.gov/sos1/sra-pub-zq-38/SRR019/19736/SRR19736877/SRR19736877.lite.1,SRX15783139,T1_P,RNA-Seq,cDNA,TRANSCRIPTOMIC,PAIRED,0,0,ILLUMINA,Illumina HiSeq 2500,SRP382293,PRJNA850415,,850415,SRS13476295,SAMN29180674,simple,161590,Syngnathus scovelli,Gulf pipefish (Syngnathus scovelli) testis 1 (pregnant),,,,,male,,no,,,,,UNIVERSITY OF IDAHO,SRA1439291,,public,B74D143762F0AA99E7A5F9E91E62BCD8,DE480526FFB0674CA4FDB6A2550A4FD9
SRR19736876,17/06/2022 15:34,17/06/2022 14:37,16783002,5034900600,16783002,300,3054,,https://sra-downloadb.be-md.ncbi.nlm.nih.gov/sos1/sra-pub-zq-38/SRR019/19736/SRR19736876/SRR19736876.lite.1,SRX15783140,T2_P,RNA-Seq,cDNA,TRANSCRIPTOMIC,PAIRED,0,0,ILLUMINA,Illumina HiSeq 2500,SRP382293,PRJNA850415,,850415,SRS13476296,SAMN29180675,simple,161590,Syngnathus scovelli,Gulf pipefish (Syngnathus scovelli) testis 2 (pregnant),,,,,male,,no,,,,,UNIVERSITY OF IDAHO,SRA1439291,,public,9DED800A003B288D709C3AAC984ECD41,5CE600B9E3270C76FA46B0B4FD3B4B7E
SRR19736875,17/06/2022 15:34,17/06/2022 14:38,17004389,5101316700,17004389,300,3075,,https://sra-downloadb.be-md.ncbi.nlm.nih.gov/sos3/sra-pub-zq-24/SRR019/19736/SRR19736875/SRR19736875.lite.1,SRX15783141,O4,RNA-Seq,cDNA,TRANSCRIPTOMIC,PAIRED,0,0,ILLUMINA,Illumina HiSeq 2500,SRP382293,PRJNA850415,,850415,SRS13476297,SAMN29180684,simple,161590,Syngnathus scovelli,Gulf pipefish (Syngnathus scovelli) ovary 4,,,,,female,,no,,,,,UNIVERSITY OF IDAHO,SRA1439291,,public,E33CB4581076E7433DFFB4CFC3D41142,7E73D120984F7F41AAA4E7AFE7A22CDE
SRR19736874,17/06/2022 15:34,17/06/2022 14:41,17566594,5269978200,17566594,300,3229,,https://sra-downloadb.be-md.ncbi.nlm.nih.gov/sos3/sra-pub-zq-24/SRR019/19736/SRR19736874/SRR19736874.lite.1,SRX15783142,O5,RNA-Seq,cDNA,TRANSCRIPTOMIC,PAIRED,0,0,ILLUMINA,Illumina HiSeq 2500,SRP382293,PRJNA850415,,850415,SRS13476298,SAMN29180685,simple,161590,Syngnathus scovelli,Gulf pipefish (Syngnathus scovelli) ovary 5,,,,,female,,no,,,,,UNIVERSITY OF IDAHO,SRA1439291,,public,B7F67E473674309EB21A600673383FA2,DCBCCF3D8FF50B76C979A690C5338AB2
SRR19736873,17/06/2022 15:34,17/06/2022 14:38,18640367,5592110100,18640367,300,3402,,https://sra-downloadb.be-md.ncbi.nlm.nih.gov/sos1/sra-pub-zq-38/SRR019/19736/SRR19736873/SRR19736873.lite.1,SRX15783143,T3_P,RNA-Seq,cDNA,TRANSCRIPTOMIC,PAIRED,0,0,ILLUMINA,Illumina HiSeq 2500,SRP382293,PRJNA850415,,850415,SRS13476299,SAMN29180676,simple,161590,Syngnathus scovelli,Gulf pipefish (Syngnathus scovelli) testis 3 (pregnant),,,,,male,,no,,,,,UNIVERSITY OF IDAHO,SRA1439291,,public,E83C771CE9C2013E8D3C186978E691E8,714B3F7606E7890102E34976B3F5C906
SRR19736872,17/06/2022 15:34,17/06/2022 14:48,20515726,6154717800,20515726,300,3687,,https://sra-downloadb.be-md.ncbi.nlm.nih.gov/sos1/sra-pub-zq-38/SRR019/19736/SRR19736872/SRR19736872.lite.1,SRX15783144,T4_P,RNA-Seq,cDNA,TRANSCRIPTOMIC,PAIRED,0,0,ILLUMINA,Illumina HiSeq 2500,SRP382293,PRJNA850415,,850415,SRS13476300,SAMN29180677,simple,161590,Syngnathus scovelli,Gulf pipefish (Syngnathus scovelli) testis 4 (pregnant),,,,,male,,no,,,,,UNIVERSITY OF IDAHO,SRA1439291,,public,1456B6D7DACD020FF1ECB9B6AAAC816D,3D760235AB7F2F7480191020354B9690
SRR19736871,17/06/2022 15:34,17/06/2022 14:35,17091608,5127482400,17091608,300,3110,,https://sra-downloadb.be-md.ncbi.nlm.nih.gov/sos1/sra-pub-zq-38/SRR019/19736/SRR19736871/SRR19736871.lite.1,SRX15783145,T5_P,RNA-Seq,cDNA,TRANSCRIPTOMIC,PAIRED,0,0,ILLUMINA,Illumina HiSeq 2500,SRP382293,PRJNA850415,,850415,SRS13476301,SAMN29180678,simple,161590,Syngnathus scovelli,Gulf pipefish (Syngnathus scovelli) testis 5 (pregnant),,,,,male,,no,,,,,UNIVERSITY OF IDAHO,SRA1439291,,public,D95E3B91ABD6FE126B35A6F85C0CF830,2E259BFEC6E67A8B19F9C93D66AA374A
SRR19736870,17/06/2022 15:34,17/06/2022 14:45,15526385,4657915500,15526385,300,2864,,https://sra-downloadb.be-md.ncbi.nlm.nih.gov/sos3/sra-pub-zq-24/SRR019/19736/SRR19736870/SRR19736870.lite.1,SRX15783146,T6_NP,RNA-Seq,cDNA,TRANSCRIPTOMIC,PAIRED,0,0,ILLUMINA,Illumina HiSeq 2500,SRP382293,PRJNA850415,,850415,SRS13476302,SAMN29180679,simple,161590,Syngnathus scovelli,Gulf pipefish (Syngnathus scovelli) testis 6 (not pregnant),,,,,male,,no,,,,,UNIVERSITY OF IDAHO,SRA1439291,,public,39285D4590DFC81251D382D79DCEA39F,E4381E1DB977C6CA511AE4B7AEA718D8
SRR19736869,17/06/2022 15:34,17/06/2022 14:33,16529427,4958828100,16529427,300,3002,,https://sra-downloadb.be-md.ncbi.nlm.nih.gov/sos4/sra-pub-zq-1/SRR019/19736/SRR19736869/SRR19736869.lite.1,SRX15783147,T7_NP,RNA-Seq,cDNA,TRANSCRIPTOMIC,PAIRED,0,0,ILLUMINA,Illumina HiSeq 2500,SRP382293,PRJNA850415,,850415,SRS13476303,SAMN29180680,simple,161590,Syngnathus scovelli,Gulf pipefish (Syngnathus scovelli) testis 7 (not pregnant),,,,,male,,no,,,,,UNIVERSITY OF IDAHO,SRA1439291,,public,2CAA5F16DB35A963CADFBF16C78296EF,583D55FC002224D8CB38B6369E69651D
SRR19736868,17/06/2022 15:34,17/06/2022 14:40,18776879,5633063700,18776879,300,3426,,https://sra-downloadb.be-md.ncbi.nlm.nih.gov/sos2/sra-pub-zq-18/SRR019/19736/SRR19736868/SRR19736868.lite.1,SRX15783148,O1,RNA-Seq,cDNA,TRANSCRIPTOMIC,PAIRED,0,0,ILLUMINA,Illumina HiSeq 2500,SRP382293,PRJNA850415,,850415,SRS13476304,SAMN29180681,simple,161590,Syngnathus scovelli,Gulf pipefish (Syngnathus scovelli) ovary 1,,,,,female,,no,,,,,UNIVERSITY OF IDAHO,SRA1439291,,public,0758096BE734E71619B9EDE33D35AE6A,15B8D3F758A9AD134422AD4D48DD08E8
SRR19736867,17/06/2022 15:34,17/06/2022 14:40,17493754,5248126200,17493754,300,3186,,https://sra-downloadb.be-md.ncbi.nlm.nih.gov/sos1/sra-pub-zq-38/SRR019/19736/SRR19736867/SRR19736867.lite.1,SRX15783149,O2,RNA-Seq,cDNA,TRANSCRIPTOMIC,PAIRED,0,0,ILLUMINA,Illumina HiSeq 2500,SRP382293,PRJNA850415,,850415,SRS13476305,SAMN29180682,simple,161590,Syngnathus scovelli,Gulf pipefish (Syngnathus scovelli) ovary 2,,,,,female,,no,,,,,UNIVERSITY OF IDAHO,SRA1439291,,public,CF75AD9A6C15A57CD91F0DD2966A3A9E,9D5826603C145EAF1C7DCB14CA2E991E
SRR19736866,17/06/2022 15:34,17/06/2022 14:45,17081609,5124482700,17081609,300,3061,,https://sra-downloadb.be-md.ncbi.nlm.nih.gov/sos3/sra-pub-zq-22/SRR019/19736/SRR19736866/SRR19736866.lite.1,SRX15783150,O3,RNA-Seq,cDNA,TRANSCRIPTOMIC,PAIRED,0,0,ILLUMINA,Illumina HiSeq 2500,SRP382293,PRJNA850415,,850415,SRS13476306,SAMN29180683,simple,161590,Syngnathus scovelli,Gulf pipefish (Syngnathus scovelli) ovary 3,,,,,female,,no,,,,,UNIVERSITY OF IDAHO,SRA1439291,,public,782C6D45CD60ADA6074A49C5BFD820BA,A3F908D841116082C1C368817130072D
SRR20438604,22/07/2022 18:49,22/07/2022 17:44,45495181,14467467558,45495181,318,4738,,https://sra-downloadb.be-md.ncbi.nlm.nih.gov/sos2/sra-pub-zq-18/SRR020/20438/SRR20438604/SRR20438604.lite.1,SRX16471076,Ssco_I00_B,RNA-Seq,other,TRANSCRIPTOMIC,PAIRED,0,0,ILLUMINA,Illumina NovaSeq 6000,SRP383388,PRJNA851781,2,851781,SRS14105675,SAMN29906890,simple,161590,Syngnathus scovelli,Ssco_I00_B,,,,,male,,no,,,,,UNIVERSITY OF IDAHO AT MOSCOW,SRA1460044,,public,B55808BE596E8E4DAF676B2E4C705BFD,9CA6577C368779186A8F98421963162A
SRR20438602,22/07/2022 17:55,22/07/2022 17:36,45929524,14605588632,45929524,318,4748,,https://sra-downloadb.be-md.ncbi.nlm.nih.gov/sos2/sra-pub-zq-20/SRR020/20438/SRR20438602/SRR20438602.lite.1,SRX16471078,Ssco_I06_P,RNA-Seq,other,TRANSCRIPTOMIC,PAIRED,0,0,ILLUMINA,Illumina NovaSeq 6000,SRP383388,PRJNA851781,2,851781,SRS14105677,SAMN29906900,simple,161590,Syngnathus scovelli,Ssco_I06_P,,,,,male,,no,,,,,UNIVERSITY OF IDAHO AT MOSCOW,SRA1460044,,public,4AD0C8898C567196164922D7780BA609,A964EDC651078804EDD3EC226EA8C1C9
SRR20438601,22/07/2022 17:55,22/07/2022 17:33,29241975,9298948050,29241975,318,3035,,https://sra-downloadb.be-md.ncbi.nlm.nih.gov/sos4/sra-pub-zq-1/SRR020/20438/SRR20438601/SRR20438601.lite.1,SRX16471079,Ssco_I09_F,RNA-Seq,other,TRANSCRIPTOMIC,PAIRED,0,0,ILLUMINA,Illumina NovaSeq 6000,SRP383388,PRJNA851781,2,851781,SRS14105678,SAMN29906901,simple,161590,Syngnathus scovelli,Ssco_I09_F,,,,,male,,no,,,,,UNIVERSITY OF IDAHO AT MOSCOW,SRA1460044,,public,F6006403F330AA8513DCDF826733C827,4AA6B0538AC75F91312D2A934AC78104
SRR20438600,22/07/2022 17:55,22/07/2022 17:40,38329103,12188654754,38329103,318,3911,,https://sra-downloadb.be-md.ncbi.nlm.nih.gov/sos4/sra-pub-zq-1/SRR020/20438/SRR20438600/SRR20438600.lite.1,SRX16471080,Ssco_I09_P,RNA-Seq,other,TRANSCRIPTOMIC,PAIRED,0,0,ILLUMINA,Illumina NovaSeq 6000,SRP383388,PRJNA851781,2,851781,SRS14105679,SAMN29906902,simple,161590,Syngnathus scovelli,Ssco_I09_P,,,,,male,,no,,,,,UNIVERSITY OF IDAHO AT MOSCOW,SRA1460044,,public,571C2805837F3FD1CE31EC1E623004CA,45805FF2BCD6E4711DC3B8E3955BF010
SRR20438599,22/07/2022 17:55,22/07/2022 17:35,41631083,13238684394,41631083,318,4286,,https://sra-downloadb.be-md.ncbi.nlm.nih.gov/sos1/sra-pub-zq-38/SRR020/20438/SRR20438599/SRR20438599.lite.1,SRX16471081,Ssco_I10_F,RNA-Seq,other,TRANSCRIPTOMIC,PAIRED,0,0,ILLUMINA,Illumina NovaSeq 6000,SRP383388,PRJNA851781,2,851781,SRS14105680,SAMN29906903,simple,161590,Syngnathus scovelli,Ssco_I10_F,,,,,male,,no,,,,,UNIVERSITY OF IDAHO AT MOSCOW,SRA1460044,,public,AAD2918026938AB770579CFE173EFA58,ABE02613BBBD8128D6710A74CAC5225F
SRR20438598,22/07/2022 17:55,22/07/2022 17:30,27184302,8644608036,27184302,318,2840,,https://sra-downloadb.be-md.ncbi.nlm.nih.gov/sos2/sra-pub-zq-18/SRR020/20438/SRR20438598/SRR20438598.lite.1,SRX16471082,Ssco_I10_P,RNA-Seq,other,TRANSCRIPTOMIC,PAIRED,0,0,ILLUMINA,Illumina NovaSeq 6000,SRP383388,PRJNA851781,2,851781,SRS14105681,SAMN29906904,simple,161590,Syngnathus scovelli,Ssco_I10_P,,,,,male,,no,,,,,UNIVERSITY OF IDAHO AT MOSCOW,SRA1460044,,public,2650AA67F236488CD9CF575C65B68CC4,0333F82583DDD38358BCD65A93A6A38A
SRR20438596,22/07/2022 17:55,22/07/2022 17:36,30521167,9705731106,30521167,318,3116,,https://sra-downloadb.be-md.ncbi.nlm.nih.gov/sos4/sra-pub-zq-1/SRR020/20438/SRR20438596/SRR20438596.lite.1,SRX16471084,Ssco_I11_P,RNA-Seq,other,TRANSCRIPTOMIC,PAIRED,0,0,ILLUMINA,Illumina NovaSeq 6000,SRP383388,PRJNA851781,2,851781,SRS14105682,SAMN29906906,simple,161590,Syngnathus scovelli,Ssco_I11_P,,,,,male,,no,,,,,UNIVERSITY OF IDAHO AT MOSCOW,SRA1460044,,public,7C9ADAFA6809F4005990758E91FBFE26,AE43DFD1C49491A8A53479BFCCFA85AF
SRR20438597,22/07/2022 19:49,22/07/2022 18:53,53447377,16996265886,53447377,318,5468,,https://sra-downloadb.be-md.ncbi.nlm.nih.gov/sos2/sra-pub-zq-20/SRR020/20438/SRR20438597/SRR20438597.lite.1,SRX16471083,Ssco_I11_F,RNA-Seq,other,TRANSCRIPTOMIC,PAIRED,0,0,ILLUMINA,Illumina NovaSeq 6000,SRP383388,PRJNA851781,2,851781,SRS14105683,SAMN29906905,simple,161590,Syngnathus scovelli,Ssco_I11_F,,,,,male,,no,,,,,UNIVERSITY OF IDAHO AT MOSCOW,SRA1460044,,public,AA514597CF990687969EAFA4AAD522E3,BA0BD68572E88F7AAA0A37CBDE429EC3
SRR20438595,22/07/2022 18:49,22/07/2022 18:29,47884526,15227279268,47884526,318,4906,,https://sra-downloadb.be-md.ncbi.nlm.nih.gov/sos1/sra-pub-zq-38/SRR020/20438/SRR20438595/SRR20438595.lite.1,SRX16471085,Ssco_I12_F,RNA-Seq,other,TRANSCRIPTOMIC,PAIRED,0,0,ILLUMINA,Illumina NovaSeq 6000,SRP383388,PRJNA851781,2,851781,SRS14105684,SAMN29906907,simple,161590,Syngnathus scovelli,Ssco_I12_F,,,,,male,,no,,,,,UNIVERSITY OF IDAHO AT MOSCOW,SRA1460044,,public,A796AFAA76E1E680B08164A3859CE6DC,6C61948D0257F97A182BDA9A1D168BFF
SRR20438594,22/07/2022 18:49,22/07/2022 17:48,39855487,12674044866,39855487,318,4069,,https://sra-downloadb.be-md.ncbi.nlm.nih.gov/sos2/sra-pub-zq-18/SRR020/20438/SRR20438594/SRR20438594.lite.1,SRX16471086,Ssco_I12_P,RNA-Seq,other,TRANSCRIPTOMIC,PAIRED,0,0,ILLUMINA,Illumina NovaSeq 6000,SRP383388,PRJNA851781,2,851781,SRS14105685,SAMN29906908,simple,161590,Syngnathus scovelli,Ssco_I12_P,,,,,male,,no,,,,,UNIVERSITY OF IDAHO AT MOSCOW,SRA1460044,,public,E3B0791192D4FCCBBF5F59BA81EAB357,6738EFF4CBEAEDE3B754F12DA9A48BBF
SRR20438593,22/07/2022 18:49,22/07/2022 18:34,41887553,13320241854,41887553,318,4285,,https://sra-downloadb.be-md.ncbi.nlm.nih.gov/sos1/sra-pub-zq-38/SRR020/20438/SRR20438593/SRR20438593.lite.1,SRX16471087,Ssco_I13_F,RNA-Seq,other,TRANSCRIPTOMIC,PAIRED,0,0,ILLUMINA,Illumina NovaSeq 6000,SRP383388,PRJNA851781,2,851781,SRS14105686,SAMN29906909,simple,161590,Syngnathus scovelli,Ssco_I13_F,,,,,male,,no,,,,,UNIVERSITY OF IDAHO AT MOSCOW,SRA1460044,,public,589A4A9CE583313ED77D1816F38D3C46,6E01CE104E9BC42F8BD611F738FBC201
SRR20438592,22/07/2022 18:49,22/07/2022 17:58,55322897,17592681246,55322897,318,5691,,https://sra-downloadb.be-md.ncbi.nlm.nih.gov/sos3/sra-pub-zq-24/SRR020/20438/SRR20438592/SRR20438592.lite.1,SRX16471088,Ssco_I00_G,RNA-Seq,other,TRANSCRIPTOMIC,PAIRED,0,0,ILLUMINA,Illumina NovaSeq 6000,SRP383388,PRJNA851781,2,851781,SRS14105687,SAMN29906892,simple,161590,Syngnathus scovelli,Ssco_I00_G,,,,,male,,no,,,,,UNIVERSITY OF IDAHO AT MOSCOW,SRA1460044,,public,A44983D31B2CCE174430B55E35BF68C8,B815B03238288CC93D69F29F07BF5D1F
SRR20438591,22/07/2022 18:49,22/07/2022 17:55,56255639,17889293202,56255639,318,5817,,https://sra-downloadb.be-md.ncbi.nlm.nih.gov/sos1/sra-pub-zq-38/SRR020/20438/SRR20438591/SRR20438591.lite.1,SRX16471089,Ssco_I13_P,RNA-Seq,other,TRANSCRIPTOMIC,PAIRED,0,0,ILLUMINA,Illumina NovaSeq 6000,SRP383388,PRJNA851781,2,851781,SRS14105688,SAMN29906910,simple,161590,Syngnathus scovelli,Ssco_I13_P,,,,,male,,no,,,,,UNIVERSITY OF IDAHO AT MOSCOW,SRA1460044,,public,E02BCF1F065F9FEE89FFC396DCD90963,D2DCC84DE7D34187E6FC8DF0C0EDB458
SRR20438590,22/07/2022 18:49,22/07/2022 17:51,50003484,15901107912,50003484,318,5119,,https://sra-downloadb.be-md.ncbi.nlm.nih.gov/sos3/sra-pub-zq-24/SRR020/20438/SRR20438590/SRR20438590.lite.1,SRX16471090,Ssco_I03_F,RNA-Seq,other,TRANSCRIPTOMIC,PAIRED,0,0,ILLUMINA,Illumina NovaSeq 6000,SRP383388,PRJNA851781,2,851781,SRS14105689,SAMN29906893,simple,161590,Syngnathus scovelli,Ssco_I03_F,,,,,male,,no,,,,,UNIVERSITY OF IDAHO AT MOSCOW,SRA1460044,,public,5E0F2E302EB7C9DF62630C4561139E9A,055D6169B7B30A84B6BAE7E3519B5B44
SRR20438589,22/07/2022 17:55,22/07/2022 17:39,41844156,13306441608,41844156,318,4299,,https://sra-downloadb.be-md.ncbi.nlm.nih.gov/sos3/sra-pub-zq-22/SRR020/20438/SRR20438589/SRR20438589.lite.1,SRX16471091,Ssco_I03_P,RNA-Seq,other,TRANSCRIPTOMIC,PAIRED,0,0,ILLUMINA,Illumina NovaSeq 6000,SRP383388,PRJNA851781,2,851781,SRS14105690,SAMN29906894,simple,161590,Syngnathus scovelli,Ssco_I03_P,,,,,male,,no,,,,,UNIVERSITY OF IDAHO AT MOSCOW,SRA1460044,,public,0C2FA6DAAA6F1C1541C2E4BDCBAB5A66,88FA32AEB6A4917E63BA551F58A88B4D
SRR20438588,22/07/2022 18:49,22/07/2022 17:42,39452562,12545914716,39452562,318,4040,,https://sra-downloadb.be-md.ncbi.nlm.nih.gov/sos1/sra-pub-zq-38/SRR020/20438/SRR20438588/SRR20438588.lite.1,SRX16471092,Ssco_I04_F,RNA-Seq,other,TRANSCRIPTOMIC,PAIRED,0,0,ILLUMINA,Illumina NovaSeq 6000,SRP383388,PRJNA851781,2,851781,SRS14105691,SAMN29906895,simple,161590,Syngnathus scovelli,Ssco_I04_F,,,,,male,,no,,,,,UNIVERSITY OF IDAHO AT MOSCOW,SRA1460044,,public,3233CD28D137D7D0D1CBCAB9F39CEDF5,DCA1EA24A61CBD7B35B1CEE8B9439740
SRR20438587,22/07/2022 17:55,22/07/2022 17:33,37672147,11979742746,37672147,318,3847,,https://sra-downloadb.be-md.ncbi.nlm.nih.gov/sos3/sra-pub-zq-24/SRR020/20438/SRR20438587/SRR20438587.lite.1,SRX16471093,Ssco_I04_P,RNA-Seq,other,TRANSCRIPTOMIC,PAIRED,0,0,ILLUMINA,Illumina NovaSeq 6000,SRP383388,PRJNA851781,2,851781,SRS14105692,SAMN29906896,simple,161590,Syngnathus scovelli,Ssco_I04_P,,,,,male,,no,,,,,UNIVERSITY OF IDAHO AT MOSCOW,SRA1460044,,public,DB24F50FC3BC66F15E14737CA0562D80,1BB9FDAA892371E84A73459BD67FB545
SRR20438586,22/07/2022 18:49,22/07/2022 17:59,50256728,15981639504,50256728,318,5157,,https://sra-downloadb.be-md.ncbi.nlm.nih.gov/sos4/sra-pub-zq-1/SRR020/20438/SRR20438586/SRR20438586.lite.1,SRX16471094,Ssco_I05_F,RNA-Seq,other,TRANSCRIPTOMIC,PAIRED,0,0,ILLUMINA,Illumina NovaSeq 6000,SRP383388,PRJNA851781,2,851781,SRS14105693,SAMN29906897,simple,161590,Syngnathus scovelli,Ssco_I05_F,,,,,male,,no,,,,,UNIVERSITY OF IDAHO AT MOSCOW,SRA1460044,,public,2CEE685BBFD02AA4EC7F10DC9C72646A,F88C3EA00C12516EE160A05B9AD3DA2B
SRR20438585,22/07/2022 18:49,22/07/2022 17:46,46682839,14845142802,46682839,318,4790,,https://sra-downloadb.be-md.ncbi.nlm.nih.gov/sos4/sra-pub-zq-1/SRR020/20438/SRR20438585/SRR20438585.lite.1,SRX16471095,Ssco_I05_P,RNA-Seq,other,TRANSCRIPTOMIC,PAIRED,0,0,ILLUMINA,Illumina NovaSeq 6000,SRP383388,PRJNA851781,2,851781,SRS14105694,SAMN29906898,simple,161590,Syngnathus scovelli,Ssco_I05_P,,,,,male,,no,,,,,UNIVERSITY OF IDAHO AT MOSCOW,SRA1460044,,public,B2F4DA55215F490F6777A2B13A89E936,6A86EA1B3745389F88E5FB3FECC5F5A6
SRR20438584,22/07/2022 19:49,22/07/2022 18:38,39251321,12481920078,39251321,318,4040,,https://sra-downloadb.be-md.ncbi.nlm.nih.gov/sos3/sra-pub-zq-24/SRR020/20438/SRR20438584/SRR20438584.lite.1,SRX16471096,Ssco_I06_F,RNA-Seq,other,TRANSCRIPTOMIC,PAIRED,0,0,ILLUMINA,Illumina NovaSeq 6000,SRP383388,PRJNA851781,2,851781,SRS14105695,SAMN29906899,simple,161590,Syngnathus scovelli,Ssco_I06_F,,,,,male,,no,,,,,UNIVERSITY OF IDAHO AT MOSCOW,SRA1460044,,public,B6D854A8D2DF79D8229FD23900A392C2,9DB5BAE9A7C253F9006E44D5C4AB23AF
SRR24875990,9/06/2023 12:24,8/06/2023 13:14,14814706,4444411800,14814706,300,2607,,https://sra-pub-run-odp.s3.amazonaws.com/sra/SRR24875990/SRR24875990,SRX20639824,S.scovelli_C4NPPouch,RNA-Seq,unspecified,TRANSCRIPTOMIC,PAIRED,0,0,ILLUMINA,Illumina HiSeq 2500,SRP441844,PRJNA980712,,980712,SRS17938704,SAMN35676713,simple,161590,Syngnathus scovelli,S.scovelli_C4NPPouch,,,,,male,,no,,,,,VALDOSTA STATE UNIVERSITY,SRA1651277,,public,A683B89D58DED913E89C24A0FB73192B,0884CDFBED9A9C764DA9CC8C54FCC266
SRR24875989,9/06/2023 12:24,8/06/2023 13:12,11859325,3557797500,11859325,300,2094,,https://sra-pub-run-odp.s3.amazonaws.com/sra/SRR24875989/SRR24875989,SRX20639825,S.scovelli_C4PPouch,RNA-Seq,unspecified,TRANSCRIPTOMIC,PAIRED,0,0,ILLUMINA,Illumina HiSeq 2500,SRP441844,PRJNA980712,,980712,SRS17938705,SAMN35676714,simple,161590,Syngnathus scovelli,S.scovelli_C4PPouch,,,,,male,,no,,,,,VALDOSTA STATE UNIVERSITY,SRA1651277,,public,6D78B6E7FE272416FF0BC27CF3D87D86,861028C3AC72108FAC7DA0CC95E43E0C
SRR24875982,9/06/2023 12:24,8/06/2023 13:12,14732558,4419767400,14732558,300,2603,,https://sra-pub-run-odp.s3.amazonaws.com/sra/SRR24875982/SRR24875982,SRX20639832,S.scovelli_C7NPPouch,RNA-Seq,unspecified,TRANSCRIPTOMIC,PAIRED,0,0,ILLUMINA,Illumina HiSeq 2500,SRP441844,PRJNA980712,,980712,SRS17938709,SAMN35676715,simple,161590,Syngnathus scovelli,S.scovelli_C7NPPouch,,,,,male,,no,,,,,VALDOSTA STATE UNIVERSITY,SRA1651277,,public,C11E93E3995D8CB1C7FDDC07253CCAE8,E89BE9A3D3B48B5F00B11D3D425EA50E
SRR24875978,9/06/2023 12:24,8/06/2023 13:26,29992798,8997839400,29992798,300,5295,,https://sra-pub-run-odp.s3.amazonaws.com/sra/SRR24875978/SRR24875978,SRX20639836,S.scovelli_C9PPouch,RNA-Seq,unspecified,TRANSCRIPTOMIC,PAIRED,0,0,ILLUMINA,Illumina HiSeq 2500,SRP441844,PRJNA980712,,980712,SRS17938711,SAMN35676719,simple,161590,Syngnathus scovelli,S.scovelli_C9PPouch,,,,,male,,no,,,,,VALDOSTA STATE UNIVERSITY,SRA1651277,,public,218DBAEDD35E5E8A2E52370F68896ACA,1B2CE740CF3CDCC0105F593202E7141A
SRR24875981,9/06/2023 12:24,8/06/2023 13:12,9646954,2894086200,9646954,300,1706,,https://sra-pub-run-odp.s3.amazonaws.com/sra/SRR24875981/SRR24875981,SRX20639833,S.scovelli_C7PPouch,RNA-Seq,unspecified,TRANSCRIPTOMIC,PAIRED,0,0,ILLUMINA,Illumina HiSeq 2500,SRP441844,PRJNA980712,,980712,SRS17938712,SAMN35676716,simple,161590,Syngnathus scovelli,S.scovelli_C7PPouch,,,,,male,,no,,,,,VALDOSTA STATE UNIVERSITY,SRA1651277,,public,DD1BCB071511E920C57B257D33C880B9,6D5CD674DF1BC8A84A191151023EB8C1
SRR24875979,9/06/2023 12:24,8/06/2023 13:09,12262335,3678700500,12262335,300,2168,,https://sra-pub-run-odp.s3.amazonaws.com/sra/SRR24875979/SRR24875979,SRX20639835,S.scovelli_C88NPPouch,RNA-Seq,unspecified,TRANSCRIPTOMIC,PAIRED,0,0,ILLUMINA,Illumina HiSeq 2500,SRP441844,PRJNA980712,,980712,SRS17938713,SAMN35676718,simple,161590,Syngnathus scovelli,S.scovelli_C88NPPouch,,,,,male,,no,,,,,VALDOSTA STATE UNIVERSITY,SRA1651277,,public,1972BE1D54C13E3479BA1BE6698A02A7,A087049EA8967524C45AEE1828775765
SRR24875980,9/06/2023 12:24,8/06/2023 13:07,8481488,2544446400,8481488,300,1504,,https://sra-pub-run-odp.s3.amazonaws.com/sra/SRR24875980/SRR24875980,SRX20639834,S.scovelli_C8PPouch,RNA-Seq,unspecified,TRANSCRIPTOMIC,PAIRED,0,0,ILLUMINA,Illumina HiSeq 2500,SRP441844,PRJNA980712,,980712,SRS17938714,SAMN35676717,simple,161590,Syngnathus scovelli,S.scovelli_C8PPouch,,,,,male,,no,,,,,VALDOSTA STATE UNIVERSITY,SRA1651277,,public,B6EA8226713FFE29C3CB47521F00DAD0,F7E99D4FE7FB6FE71D0A6237248504DF
SRR24875977,9/06/2023 12:24,8/06/2023 13:11,11958470,3587541000,11958470,300,2132,,https://sra-pub-run-odp.s3.amazonaws.com/sra/SRR24875977/SRR24875977,SRX20639837,S.scovelli_C9NPPouch,RNA-Seq,unspecified,TRANSCRIPTOMIC,PAIRED,0,0,ILLUMINA,Illumina HiSeq 2500,SRP441844,PRJNA980712,,980712,SRS17938716,SAMN35676720,simple,161590,Syngnathus scovelli,S.scovelli_C9NPPouch,,,,,male,,no,,,,,VALDOSTA STATE UNIVERSITY,SRA1651277,,public,491965C68B9F3AC773B6CA9D5C744459,FEDE2C87DC6EE5D33CA3674A68FAF763
